{
  "scenario": {
    "num_deliveries": 25,
    "num_vehicles": 4,
    "num_seeds": 10,
    "num_generations": 120
  },
  "baselines": {
    "aleatorio_km": 443.79,
    "vizinho_mais_proximo_km": 236.48
  },
  "configs": {
    "Config A - população pequena, mutação baixa": {
      "population_size": 30,
      "mutation_rate": 0.05,
      "curve": [
        91850.9092265909,
        73997.032226178,
        70217.98579880789,
        57051.121858934726,
        44495.41991209876,
        41853.24170925091,
        36468.94971570793,
        30988.67713837892,
        27773.362041353652,
        23788.60272658119,
        18240.17484051111,
        17523.449843923176,
        15292.251181151398,
        13422.279384288448,
        11984.030452934037,
        10996.129272597853,
        10794.18114220284,
        10184.902887367747,
        9872.210426492611,
        9731.14813899702,
        9731.14813899702,
        9131.696898549479,
        8110.073873851644,
        7720.038140519343,
        7719.539607237569,
        7719.539607237569,
        6037.468221324359,
        5934.374324815071,
        5934.374324815071,
        5772.752365298997,
        5562.930919837831,
        4585.742281086888,
        4414.350877579466,
        4111.213899634208,
        3960.6685830141078,
        3437.5954711804625,
        3435.519805122571,
        3434.0255313187317,
        3434.0255313187317,
        3430.812690001661,
        3430.812690001661,
        3430.275366017078,
        2224.801324373017,
        1958.3161510615837,
        1957.2136924234424,
        1931.4246688726296,
        1929.78525455213,
        1857.524812410229,
        1857.3614030228343,
        1819.1576182069807,
        1744.8853932558243,
        1656.1673982117147,
        1655.1652161028455,
        1655.1652161028455,
        1655.0532553151538,
        1655.0532553151538,
        1655.0532553151538,
        1655.0532553151538,
        1655.0532553151538,
        1654.4548953322592,
        1654.4548953322592,
        1653.979165024047,
        1653.979165024047,
        1516.3697555954209,
        1516.3697555954209,
        1515.911454993559,
        1515.911454993559,
        1515.359548106859,
        1515.182999270126,
        1515.182999270126,
        1514.876244237269,
        1458.6708746019774,
        1458.6708746019774,
        1457.4817307960625,
        1457.4817307960625,
        1457.4817307960625,
        1457.4817307960625,
        1457.4817307960625,
        1456.7649401764204,
        1385.975008354969,
        1385.975008354969,
        1385.975008354969,
        1385.732930127545,
        1385.732930127545,
        1074.7188199539887,
        1073.9073936957163,
        1073.9073936957163,
        1073.559335797788,
        1073.559335797788,
        1073.559335797788,
        1073.4069478326276,
        1073.4069478326276,
        1072.3177682161909,
        1072.3177682161909,
        1072.3177682161909,
        1072.3177682161909,
        1072.3177682161909,
        1072.3177682161909,
        1072.3177682161909,
        1072.3177682161909,
        1072.3177682161909,
        1072.3177682161909,
        1071.0507518393392,
        1071.0507518393392,
        1069.912354322403,
        1069.8320511610987,
        1069.5141497525105,
        1069.5141497525105,
        1069.5141497525105,
        1069.4089163830554,
        1066.1106670120657,
        885.7670269280668,
        885.7670269280668,
        885.7670269280668,
        885.7670269280668,
        885.7670269280668,
        767.7838748274667,
        767.2524376969242,
        767.2524376969242,
        767.2524376969242
      ]
    },
    "Config B - população grande, mutação baixa": {
      "population_size": 150,
      "mutation_rate": 0.05,
      "curve": [
        69918.60029098786,
        58400.545227722934,
        47293.7165224156,
        40168.63504223291,
        29905.99936742687,
        27270.704462106765,
        20750.659080075042,
        16654.400587072567,
        11785.742413024976,
        11292.722594383677,
        10045.033017686903,
        8428.959091646993,
        5873.357538686848,
        5097.013348198974,
        5028.622136524942,
        3381.6122780679793,
        3136.302447741445,
        1860.3118779662834,
        1461.7360240044184,
        781.9426947617953,
        730.293621579344,
        726.7969207109659,
        725.1770664913574,
        611.7547476450795,
        608.2933419060454,
        604.1914862819053,
        602.6932086557835,
        600.0329782344439,
        597.8156737272608,
        595.0692773402064,
        592.9935408268695,
        590.4188749713602,
        589.0253682041914,
        587.2890435820252,
        533.277935584646,
        531.5913698794774,
        530.1225319456378,
        529.3288167117282,
        529.0250165065598,
        528.013516008588,
        527.1436768678609,
        527.1436768678609,
        525.3093036698556,
        525.3093036698556,
        524.3316830507246,
        523.9848335303826,
        523.9848335303826,
        523.744471558714,
        523.7410360465984,
        522.9873152778487,
        522.4950708784751,
        522.4950708784751,
        522.2798284586097,
        522.2798284586097,
        521.5726812336774,
        520.955032371433,
        519.3672003591045,
        519.2428802729545,
        519.2428802729545,
        519.2428802729545,
        518.7467246214362,
        518.6080006011492,
        518.6080006011492,
        518.1794291725778,
        517.9519187087537,
        517.903940765585,
        517.6596050967399,
        516.0967337075036,
        515.9757637000558,
        515.9757637000558,
        515.6922620095722,
        515.6922620095722,
        515.6922620095722,
        515.6922620095722,
        515.6396660894388,
        514.9631176249108,
        514.9631176249108,
        514.6853040016329,
        514.3653507950086,
        514.3653507950086,
        514.3653507950086,
        514.3653507950086,
        514.3653507950086,
        514.0980789565021,
        513.898004404143,
        513.5758039121664,
        512.644394365093,
        512.644394365093,
        512.6056426014454,
        512.4055680490864,
        512.009976368583,
        511.95317072869784,
        511.2644903718246,
        511.2644903718246,
        510.98709748675844,
        510.94980958896497,
        510.73451731057514,
        510.73451731057514,
        510.68253775045855,
        510.6352555317454,
        510.3235022060809,
        510.16460146153395,
        509.83028245824005,
        509.61223568388414,
        509.5422055078334,
        509.11603292478,
        509.11603292478,
        509.11603292478,
        509.11603292478,
        509.11603292478,
        508.53153459088617,
        508.30833130382456,
        508.30833130382456,
        508.30116230766004,
        508.1511313796393,
        508.0488811345461,
        508.0488811345461,
        507.5938783573255,
        507.5938783573255,
        507.44319999165054
      ]
    },
    "Config C - população média, mutação alta": {
      "population_size": 80,
      "mutation_rate": 0.4,